id, edp, area
0, 107472806.39999998, 1.29
1, 106362808.74999999, 1.63
2, 106469942.66999997, 1.6
